Data,Entradas_Vendas_A_Vista,Entradas_Recebimento_Prazo,Entradas_Outras_Receitas,Total_Entradas_Operacionais,Saidas_Pagamento_Fornecedores,Saidas_Folha_Pagamento,Saidas_Encargos_Sociais,Saidas_Impostos_Sobre_Vendas,Saidas_Despesas_Adm,Saidas_Marketing_Vendas,Total_Saidas_Operacionais,Fluxo_Caixa_Operacional_FCO,Investimento_Maquinas_Equip,Investimento_Software_TI,Desinvestimento_Venda_Ativos,Fluxo_Caixa_Investimento_FCI,Financiamento_Aporte_Socios,Financiamento_Captacao_Emprestimos,Financiamento_Amortizacao_Dividas,Financiamento_Pagamento_Dividendos,Fluxo_Caixa_Financiamento_FCF,Variacao_Liquida_Caixa,Saldo_Inicial_Caixa,Saldo_Final_Caixa
2025-01-01,177741.72,261866.2,10467.1,450075.03,175964.55,80090.93,28031.83,63010.5,35922.32,20566.99,403587.12,46487.91,0.0,4000.0,0.0,-4000.0,200000.0,0.0,0.0,0.0,200000.0,242487.91,100000.0,342487.91
2025-02-01,180365.7,261021.51,6848.54,448235.75,194551.6,81014.51,28355.08,62753.01,36753.49,18260.11,421687.8,26547.96,0.0,4000.0,0.0,-4000.0,0.0,0.0,0.0,0.0,0.0,22547.96,342487.91,365035.86
2025-03-01,200324.65,276042.3,14695.85,491062.79,207382.95,80710.37,28248.63,68748.79,35584.45,25629.2,446304.39,44758.4,0.0,4000.0,0.0,-4000.0,0.0,150000.0,0.0,0.0,150000.0,190758.4,365035.86,555794.27
2025-04-01,211193.68,306374.21,12751.33,530319.22,225892.69,82344.61,28820.61,74244.69,35525.81,26544.38,473372.79,56946.43,120000.0,4000.0,0.0,-124000.0,0.0,0.0,7500.0,0.0,-7500.0,-74553.57,555794.27,481240.7
2025-05-01,208973.04,320010.46,14394.99,543378.48,231992.86,83343.11,29170.09,76072.99,36444.68,22294.59,479318.31,64060.17,0.0,4000.0,0.0,-4000.0,0.0,0.0,7500.0,0.0,-7500.0,52560.17,481240.7,533800.87
2025-06-01,218204.48,312557.05,13948.27,544709.8,214269.61,87067.38,30473.58,76259.37,37607.41,24824.02,470501.38,74208.42,0.0,4000.0,25000.0,21000.0,0.0,0.0,7500.0,0.0,-7500.0,87708.42,533800.87,621509.3
2025-07-01,208615.56,323314.27,10979.0,542908.83,222305.86,87083.51,30479.23,76007.24,39345.35,31578.46,486799.65,56109.18,0.0,4000.0,0.0,-4000.0,0.0,0.0,7500.0,50000.0,-57500.0,-5390.82,621509.3,616118.47
2025-08-01,236290.22,320224.51,14218.74,570733.48,225830.04,89164.72,31207.65,79902.69,40038.71,25563.86,491707.66,79025.81,0.0,4000.0,0.0,-4000.0,0.0,0.0,7500.0,0.0,-7500.0,67525.81,616118.47,683644.29
2025-09-01,244745.62,335914.82,5884.93,586545.37,257322.68,92065.05,32222.77,82116.35,38042.6,25161.56,526931.01,59614.37,0.0,29000.0,0.0,-29000.0,0.0,0.0,7500.0,0.0,-7500.0,23114.37,683644.29,706758.65
2025-10-01,255334.96,385464.75,6959.83,647759.54,276290.35,90736.3,31757.7,90686.34,40119.2,32251.34,561841.22,85918.32,0.0,4000.0,0.0,-4000.0,0.0,0.0,7500.0,0.0,-7500.0,74418.32,706758.65,781176.97
2025-11-01,252295.49,409156.19,5452.27,666903.95,275524.32,132685.01,46439.75,93366.55,40404.41,39822.84,628242.89,38661.06,0.0,4000.0,0.0,-4000.0,0.0,0.0,7500.0,0.0,-7500.0,27161.06,781176.97,808338.03
2025-12-01,342229.49,495687.74,8253.3,846170.53,337829.72,175370.03,61379.51,118463.87,40383.71,37943.22,771370.07,74800.45,0.0,4000.0,0.0,-4000.0,0.0,0.0,7500.0,0.0,-7500.0,63300.45,808338.03,871638.49
2026-01-01,224833.95,310799.69,8886.77,544520.42,222582.09,94567.37,33098.58,76232.86,40642.2,29100.65,496223.74,48296.67,0.0,4000.0,0.0,-4000.0,0.0,0.0,7500.0,75000.0,-82500.0,-38203.33,871638.49,833435.16
2026-02-01,204753.0,293477.33,7713.49,505943.82,207392.94,95264.44,33342.55,70832.14,41860.67,27944.49,476637.23,29306.59,0.0,4000.0,0.0,-4000.0,0.0,0.0,7500.0,0.0,-7500.0,17806.59,833435.16,851241.75
2026-03-01,230191.7,355384.37,13287.38,598863.45,255592.42,97419.88,34096.96,83840.88,44241.77,26800.79,541992.7,56870.75,0.0,4000.0,0.0,-4000.0,0.0,0.0,7500.0,0.0,-7500.0,45370.75,851241.75,896612.5
2026-04-01,242632.44,363827.38,8567.53,615027.35,261916.58,98210.1,34373.54,86103.83,42947.87,33558.55,557110.47,57916.88,180000.0,4000.0,0.0,-184000.0,0.0,0.0,7500.0,0.0,-7500.0,-133583.12,896612.5,763029.38
2026-05-01,256018.6,364631.23,7809.35,628459.18,275792.36,102588.36,35905.92,87984.29,44099.85,29761.1,576131.87,52327.31,0.0,4000.0,0.0,-4000.0,0.0,0.0,7500.0,0.0,-7500.0,40827.31,763029.38,803856.69
2026-06-01,272551.33,397392.48,10426.96,680370.78,283795.4,103406.39,36192.24,95251.91,45217.75,35818.88,599682.57,80688.2,0.0,4000.0,0.0,-4000.0,0.0,0.0,7500.0,0.0,-7500.0,69188.2,803856.69,873044.89
2026-07-01,260640.15,362415.15,6409.24,629464.54,252947.81,104011.88,36404.16,88125.04,44764.8,33154.27,559407.95,70056.59,0.0,4000.0,0.0,-4000.0,0.0,0.0,7500.0,90000.0,-97500.0,-31443.41,873044.89,841601.48
2026-08-01,267590.04,419271.35,13021.97,699883.36,299239.57,106268.45,37193.96,97983.67,47154.48,35494.93,623335.06,76548.3,0.0,4000.0,0.0,-4000.0,0.0,0.0,7500.0,0.0,-7500.0,65048.3,841601.48,906649.78
2026-09-01,295441.96,414970.66,5745.51,716158.13,311188.62,107301.64,37555.58,100262.14,47691.69,29939.56,633939.22,82218.91,0.0,34000.0,0.0,-34000.0,0.0,0.0,7500.0,0.0,-7500.0,40718.91,906649.78,947368.69
2026-10-01,290014.65,448565.93,14868.87,753449.45,316159.65,106137.58,37148.15,105482.92,46124.91,42725.14,653778.37,99671.08,0.0,4000.0,0.0,-4000.0,0.0,0.0,7500.0,0.0,-7500.0,88171.08,947368.69,1035539.77
2026-11-01,308461.07,450320.5,12722.45,771504.02,332762.41,160265.89,56093.06,108010.56,47426.53,35809.82,740368.28,31135.74,0.0,4000.0,0.0,-4000.0,0.0,0.0,7500.0,0.0,-7500.0,19635.74,1035539.77,1055175.51
2026-12-01,386268.07,573943.66,6987.16,967198.88,407792.11,205157.37,71805.08,135407.84,47402.63,42295.97,909861.0,57337.88,0.0,4000.0,0.0,-4000.0,0.0,0.0,7500.0,0.0,-7500.0,45837.88,1055175.51,1101013.4
